                  epoch,         train/box_loss,         train/cls_loss,         train/dfl_loss,   metrics/precision(B),      metrics/recall(B),       metrics/mAP50(B),    metrics/mAP50-95(B),           val/box_loss,           val/cls_loss,           val/dfl_loss,                 lr/pg0,                 lr/pg1,                 lr/pg2
                      1,                 2.1886,                 3.5691,                 3.0332,                0.62133,                   0.52,                 0.5871,                0.16933,                 2.1107,                 2.9809,                  3.444,                0.00036,                0.00036,                0.00036
                      2,                 1.5959,                 2.2025,                 2.4998,                0.92986,                   0.92,                0.96476,                0.41144,                 1.7127,                 2.1004,                 3.2408,             0.00059348,             0.00059348,             0.00059348
                      3,                 1.5583,                  1.689,                 2.4448,                0.94406,                   0.86,                0.90491,                0.43063,                 1.6644,                 1.7007,                  2.986,             0.00067648,             0.00067648,             0.00067648
                      4,                 1.4795,                 1.5041,                 2.3519,                      1,                0.97925,                  0.995,                 0.5266,                 1.5482,                 1.1032,                 2.8988,               0.000609,               0.000609,               0.000609
                      5,                 1.3898,                 1.3642,                 2.2173,                0.98032,                0.99617,                0.99461,                0.51171,                  1.563,                 1.0097,                 2.7267,             0.00039104,             0.00039104,             0.00039104
